benchmark_id,source_dir,hours,profiles,scenario_count,seed_count,proposed_ramp95,proposed_cap_violation_pct,proposed_throughput_kwh,proposed_flip_per_day,gr_ramp95,gr_cap_violation_pct,gr_throughput_kwh,rs_throughput_kwh,fbrl_throughput_kwh,mpc_ramp95,mpc_cap_violation_pct,mpc_throughput_kwh,nc_ramp95,nc_cap_violation_pct,proposed_mean_cpu_ms,mpc_mean_cpu_ms
compact_6h,outputs_compact_full,6,4,2,2,9.602083810067546,0.0,0.0085366971284981,4.0,9.602083810067546,0.0,0.0078069802759706,18.703393790110795,17.47434131823904,9.633404845418124,0.1388888888888889,0.0152811880527313,9.63733865876316,0.1388888888888889,0.2897149987499385,944.9932268747136
medium_12h,outputs_medium_full,12,8,4,2,9.032893028441366,0.0,0.8052375703616899,22.5,9.033668234671568,0.0,0.7278377926904847,36.524567621632755,34.61082355338148,9.124440865848085,1.25,0.8022940793067855,9.16252101826317,1.8749999999999998,0.3474491146941242,1179.4372775514703
core_24h,outputs_24h_core_eval,24,8,4,2,9.323152269934997,0.0,4.731062186988869,41.0,9.317549684518905,0.0,4.321279401968584,76.7859832435405,74.15748123964062,9.350477760608637,2.3784722222222223,4.5006790639347605,9.496111459822174,3.7673611111111107,0.3247233848317895,813.2122205467365
