benchmark_id,source_dir,hours,profiles,scenario_count,seed_count,proposed_ramp95,proposed_cap_violation_pct,proposed_throughput_kwh,proposed_lfp_cycle_loss_pct,proposed_flip_per_day,gr_ramp95,gr_cap_violation_pct,gr_throughput_kwh,gr_lfp_cycle_loss_pct,rs_throughput_kwh,rs_lfp_cycle_loss_pct,fbrl_throughput_kwh,fbrl_lfp_cycle_loss_pct,mpc_ramp95,mpc_cap_violation_pct,mpc_throughput_kwh,mpc_lfp_cycle_loss_pct,nc_ramp95,nc_cap_violation_pct,proposed_mean_cpu_ms,mpc_mean_cpu_ms
compact_6h,outputs_compact_full,6,4,2,2,9.602083810067544,0.0,0.0085366971284981,6.199837535863728e-07,4.0,9.602083810067544,0.0,0.0078069802759706,5.669778923320188e-07,18.703393790110795,0.00103939256070205,17.47434131823904,0.0009581003340946,9.633404845418125,0.1388888888888889,0.015281188052731248,1.0804041835119123e-06,9.63733865876316,0.1388888888888889,0.2897149987499385,944.9932268747136
medium_12h,outputs_medium_full,12,8,4,2,9.032893028441366,0.0,0.8052375703616899,7.583560335042573e-05,22.5,9.033668234671568,0.0,0.7278377926904847,7.64706012845945e-05,36.524567621632755,0.002480917830159075,34.61082355338148,0.0022531618601226372,9.124440865848086,1.25,0.8022940793067854,5.937332044665945e-05,9.16252101826317,1.8749999999999998,0.3474491146941242,1179.4372775514703
core_24h,outputs_24h_core_eval,24,8,4,2,9.323152269934997,0.0,4.731062186988869,0.0004953038001694035,41.0,9.317549684518905,0.0,4.321279401968584,0.0004820402572361656,76.78598324354049,0.005325460468749163,74.15748123964063,0.005229100458285476,9.350477760608637,2.3784722222222223,4.5006790639347605,0.00038064362590026495,9.49611145982217,3.7673611111111107,0.3247233848317895,813.2122205467365
