result_dir,hours,profiles,proposed_ramp95,proposed_cap_violation_pct,proposed_throughput_kwh,proposed_lfp_cycle_loss_pct,gr_throughput_kwh,gr_lfp_cycle_loss_pct,throughput_vs_gr_delta_kwh,lfp_cycle_loss_vs_gr_delta_pctpt,throughput_reduction_vs_rs_pct,throughput_reduction_vs_fbrl_pct,lfp_cycle_loss_reduction_vs_rs_pct,lfp_cycle_loss_reduction_vs_fbrl_pct,cap_gain_vs_nc_pctpt,cpu_speedup_vs_mpc
outputs_compact_full,6.0,4,9.602083810067544,0.0,0.0085366971284981,6.199837535863728e-07,0.0078069802759706,5.669778923320188e-07,0.0007297168525275,5.300586125435398e-08,99.95435749669662,99.95114724513485,99.94035133817317,99.93529031026043,0.1388888888888889,3261.802913042707
outputs_medium_full,12.0,8,9.032893028441366,0.0,0.8052375703616899,7.583560335042573e-05,0.7278377926904847,7.64706012845945e-05,0.0773997776712052,-6.349979341687664e-07,97.79535358582928,97.6734515747083,96.94324405151447,96.63425851943464,1.8749999999999998,3394.5611822605574
outputs_24h_core_eval,24.0,8,9.323152269934997,0.0,4.731062186988869,0.0004953038001694035,4.321279401968584,0.0004820402572361656,0.4097827850202851,1.3263542933237876e-05,93.83863826815441,93.6202496256576,90.69932444197187,90.52793488821585,3.7673611111111107,2504.3229361753233
