result_dir,hours,profiles,proposed_ramp95,proposed_cap_violation_pct,proposed_throughput_kwh,gr_throughput_kwh,throughput_vs_gr_delta_kwh,throughput_reduction_vs_rs_pct,throughput_reduction_vs_fbrl_pct,cap_gain_vs_nc_pctpt,cpu_speedup_vs_mpc
outputs_compact_full,6.0,4,9.602083810067546,0.0,0.0085366971284981,0.0078069802759706,0.0007297168525275,99.95435749669662,99.95114724513485,0.1388888888888889,3261.802913042707
outputs_medium_full,12.0,8,9.032893028441366,0.0,0.8052375703616899,0.7278377926904847,0.0773997776712052,97.79535358582928,97.6734515747083,1.8749999999999998,3394.5611822605574
outputs_24h_core_eval,24.0,8,9.323152269934997,0.0,4.731062186988869,4.321279401968584,0.4097827850202851,93.83863826815441,93.6202496256576,3.7673611111111107,2504.3229361753233
