Reference,Baseline,Pairs,ramp95_kw_per_min_delta_mean,ramp95_kw_per_min_wins,ramp95_kw_per_min_ties,ramp95_kw_per_min_losses,cap_violation_pct_total_delta_mean,cap_violation_pct_total_wins,cap_violation_pct_total_ties,cap_violation_pct_total_losses,throughput_kwh_delta_mean,throughput_kwh_wins,throughput_kwh_ties,throughput_kwh_losses,lfp_cycle_loss_pct_delta_mean,lfp_cycle_loss_pct_wins,lfp_cycle_loss_pct_ties,lfp_cycle_loss_pct_losses,idod_delta_mean,idod_wins,idod_ties,idod_losses,flip_per_day_delta_mean,flip_per_day_wins,flip_per_day_ties,flip_per_day_losses,all4_nonworse_count
Proposed,NC,20,-0.19288269164637387,18,2,0,-4.920138888888889,20,0,0,5.876055495438964,0,0,20,0.000643623317142713,0,0,20,0.001881695216921849,0,0,20,47.85,0,0,20,0
Proposed,GR,20,0.002137972260849441,2,15,3,0.0,0,20,0,0.39279209277863597,0,0,20,4.00889420705884e-05,3,0,17,-0.00010840441914678819,5,0,15,-2.65,13,5,2,0
Proposed,RS,20,6.2570046120992835,0,0,20,-3.9201388888888884,18,2,0,-70.96151512957518,20,0,0,-0.004678557173499612,20,0,0,-0.0004837096837295162,13,0,7,-494.55,20,0,0,0
Proposed,FBRL,20,6.814554548240295,0,0,20,0.0,0,20,0,-68.3568715715086,20,0,0,-0.004589835832472121,20,0,0,-0.00363540895642134,20,0,0,-467.8,20,0,0,0
Proposed,MPC_best_ramp,20,-0.07901211830138806,18,0,2,-3.305555555555555,20,0,0,0.8603154797536506,0,0,20,0.00023631857452822438,0,0,20,-0.0008078822101231495,8,0,12,-69.3,19,0,1,0
Proposed,MPC_best_balanced,20,-0.08559612180355192,17,1,2,-3.3472222222222223,20,0,0,0.9434383269731945,0,0,20,0.00024352643530614992,0,0,20,-0.0007356513940494393,8,0,12,-80.85,19,0,1,0
