Controller,MeanCpuMs,MedianCpuMs,P95CpuMs,MaxCpuMs
FBRL,0.027408272500098165,0.01950003206729889,0.03180500352755182,6.774500012397766
GR,0.01473253491389591,0.012199976481497288,0.01720500877127044,2.8398000868037343
MPC_ref,813.2122205467365,982.7672999235801,1720.3201799828087,3880.704400013201
NC,0.0021615277445461187,0.001800013706088066,0.002500019036233425,0.4954999312758446
Proposed,0.3247233848317895,0.1873000292107463,0.6016150407958774,53.623100044205785
RS,0.08240786408148576,0.03300001844763756,0.09301000973209725,86.91840001847595
