rmax,tmin,ramp95_kw_per_min,throughput_kwh,idod
20.0,3,9.456311658167252,0.01853282796205125,1.9028571316950905e-08
