weight_label,ramp95_kw_per_min,throughput_kwh,efc,t_high_soc_h,ceq_q95,t_high_c_h,idod
0.01|0.01|0.001,9.350477760608637,4.50067906393476,0.0225033953196738,0.0,0.012266027325826108,0.0,0.003326416933231947
