reference_type,weight_label,ramp95_kw_per_min,throughput_kwh,efc,t_high_soc_h,ceq_q95,t_high_c_h,idod,label
OraclePreview,0.01|0.01|0.001,9.334601528852755,5.458691252807585,0.027293456264037924,0.0,0.014795907135606925,0.0,0.004677260630098837,OraclePreview:0.01|0.01|0.001
