Controller,MeanCpuMs,MedianCpuMs,P95CpuMs,MaxCpuMs
FBRL,0.015218376322284004,0.011600088328123093,0.026305078063160108,0.7938999915495515
GR,0.011713862376281112,0.008400063961744308,0.019699922995641828,1.3070999411866069
MPC_best_balanced,816.154472916757,980.3710500127636,1740.7522249617612,4159.848600043915
MPC_best_ramp,816.154472916757,980.3710500127636,1740.7522249617612,4159.848600043915
NC,0.001385651113297273,0.00100000761449337,0.002500019036233425,0.10910001583397388
Proposed,0.302541727857412,0.1965000992640853,0.49370003398507833,62.67670006491244
RS,0.040607074717829365,0.03170000854879618,0.062700011767447,17.558799940161407
