rmax,tmin,ramp95_kw_per_min,throughput_kwh,idod
20.0,3,9.323152269934997,4.731062186988869,0.0016466315858003776
