rmax,tmin,ramp95_kw_per_min,throughput_kwh,idod
20.0,3,9.456311658167252,0.027289430192381222,4.125833796259042e-08
