metric,comparison,n_pairs,mean_paired_diff,ci95_lo,ci95_hi,p_value,effect_size,effect_name,direction,p_holm
throughput_kwh,Proposed vs FBRL,8,-33.805585983019796,-34.864880637262644,-32.952555125005794,5.7938146256175236e-11,-22.72635523237771,Cohen_dz,left_better,3.4762887753704795e-10
efc,Proposed vs FBRL,8,-0.16902792991509896,-0.17432440318631323,-0.164762775625029,5.793814625617466e-11,-22.72635523237774,Cohen_dz,left_better,3.4762887753704795e-10
t_high_soc_h,Proposed vs FBRL,8,0.0,0.0,0.0,1.0,0.0,NoDifference,tie,1.0
ceq_q95,Proposed vs FBRL,8,-0.07194469746166889,-0.07678585469078303,-0.0684545505238604,9.259493707400427e-09,-10.981399838352665,Cohen_dz,left_better,3.7037974829601706e-08
t_high_c_h,Proposed vs FBRL,8,0.0,0.0,0.0,1.0,0.0,NoDifference,tie,1.0
idod,Proposed vs FBRL,8,-0.0009426150338883307,-0.001173704186084758,-0.0007342365792446691,0.00010368948114298728,-2.7718006618971907,Cohen_dz,left_better,0.00031106844342896185
