Controller,MeanCpuMs,MedianCpuMs,P95CpuMs,MaxCpuMs
FBRL,0.039634755638770766,0.0212000450119376,0.04570999881252647,27.70590002182871
GR,0.020742291599162806,0.0139999901875853,0.0245999544858932,4.009400028735399
MPC_best_balanced,1179.4372775514703,1306.2702500610612,2677.027370041469,5669.2554000765085
MPC_best_ramp,1179.4372775514703,1306.2702500610612,2677.027370041469,5669.2554000765085
NC,0.0025625688875960204,0.0022000167518854,0.0034000258892774,0.6819999543949962
Proposed,0.34744911469412426,0.2054000506177544,0.7081799267325554,37.20330004580319
RS,0.09012963586832884,0.0352999195456504,0.12961993925273424,102.54039999563248
