rmax,tmin,ramp95_kw_per_min,throughput_kwh,idod
20.0,3,9.456311658167252,0.01707339425699625,1.6149628335451827e-08
